location_id,prediction,prediction_time
JC115,1.5891978818791388,2025-05-09 21:03:08.495707
