location_id,prediction,prediction_time
HB102,1.3985814580981115,2025-05-09 21:03:08.495707
