location_id,prediction,prediction_time
HB105,0.7921575282059455,2025-05-09 21:03:08.495707
